{"designerVersion":"1.2.19","favorite":false,"id":"customD3RadarChartWidget","name":"d3RadarChartWidget","lastUpdate":1463465993233,"template":"<!-- The custom widget template is defined here\n   - You can use standard HTML tags and AngularJS built-in directives, scope and interpolation system\n   - Custom widget properties defined on the right can be used as variables in a templates with properties.newProperty\n   - Functions exposed in the controller can be used with ctrl.newFunction()\n -->\n \n<div id=\"body\">\n    <div id=\"chart\"></div>\n</div>\n\n","controller":"/**\r\n * The controller is a JavaScript function that augments the AngularJS scope and exposes functions that can be used in the custom widget template\r\n * \r\n * Custom widget properties defined on the right can be used as variables in a controller with $scope.properties\r\n * To use AngularJS standard services, you must declare them in the main function arguments.\r\n * \r\n * You can leave the controller empty if you do not need it.\r\n */\r\nfunction ($scope) {\r\n    \r\n    var w = 500,\r\n\th = 500;\r\n\r\nvar colorscale = d3.scale.category10();\r\n\r\n//Legend titles\r\nvar LegendOptions = $scope.properties.chartLegendOptions; //['Smartphone','Tablet'];\r\n\r\n//Data\r\nvar d = $scope.properties.chartData;\r\n\r\n//Options for the Radar chart, other than default\r\nvar mycfg = $scope.properties.chartOptions;\r\n\r\n/*var mycfg = {\r\n  w: w,\r\n  h: h,\r\n  maxValue: 0.6,\r\n  levels: 6,\r\n  ExtraWidthX: 300,\r\n  numberStyle: \"number\"\r\n}*/\r\n\r\n\r\n//Call function to draw the Radar chart\r\n//Will expect that data is in %'s\r\nRadarChart.draw(\"#chart\", d, mycfg);\r\n\r\n////////////////////////////////////////////\r\n/////////// Initiate legend ////////////////\r\n////////////////////////////////////////////\r\n\r\nvar svg = d3.select('#body')\r\n\t.selectAll('svg')\r\n\t.append('svg')\r\n\t.attr(\"width\", w+300)\r\n\t.attr(\"height\", h)\r\n\r\n//Create the title for the legend\r\nvar text = svg.append(\"text\")\r\n\t.attr(\"class\", \"title\")\r\n\t.attr('transform', 'translate(90,0)') \r\n\t.attr(\"x\", w - 70)\r\n\t.attr(\"y\", 10)\r\n\t.attr(\"font-size\", \"12px\")\r\n\t.attr(\"fill\", \"#404040\")\r\n\t.text(\"What % of owners use a specific service in a week\");\r\n\t\t\r\n//Initiate Legend\t\r\nvar legend = svg.append(\"g\")\r\n\t.attr(\"class\", \"legend\")\r\n\t.attr(\"height\", 100)\r\n\t.attr(\"width\", 200)\r\n\t.attr('transform', 'translate(90,20)') \r\n\t;\r\n\t//Create colour squares\r\n\tlegend.selectAll('rect')\r\n\t  .data(LegendOptions)\r\n\t  .enter()\r\n\t  .append(\"rect\")\r\n\t  .attr(\"x\", w - 65)\r\n\t  .attr(\"y\", function(d, i){ return i * 20;})\r\n\t  .attr(\"width\", 10)\r\n\t  .attr(\"height\", 10)\r\n\t  .style(\"fill\", function(d, i){ return colorscale(i);})\r\n\t  ;\r\n\t//Create text next to squares\r\n\tlegend.selectAll('text')\r\n\t  .data(LegendOptions)\r\n\t  .enter()\r\n\t  .append(\"text\")\r\n\t  .attr(\"x\", w - 52)\r\n\t  .attr(\"y\", function(d, i){ return i * 20 + 9;})\r\n\t  .attr(\"font-size\", \"11px\")\r\n\t  .attr(\"fill\", \"#737373\")\r\n\t  .text(function(d) { return d; })\r\n\t  ;\t\r\n\t  \r\n}\r\n\r\n/* [\r\n\t\t  [\r\n\t\t\t{axis:\"Email\",value:0.59},\r\n\t\t\t{axis:\"Social Networks\",value:0.56},\r\n\t\t\t{axis:\"Internet Banking\",value:0.42},\r\n\t\t\t{axis:\"News Sportsites\",value:0.34},\r\n\t\t\t{axis:\"Search Engine\",value:0.48},\r\n\t\t\t{axis:\"View Shopping sites\",value:0.14},\r\n\t\t\t{axis:\"Paying Online\",value:0.11},\r\n\t\t\t{axis:\"Buy Online\",value:0.05},\r\n\t\t\t{axis:\"Stream Music\",value:0.07},\r\n\t\t\t{axis:\"Online Gaming\",value:0.12},\r\n\t\t\t{axis:\"Navigation\",value:0.27},\r\n\t\t\t{axis:\"App connected to TV program\",value:0.03},\r\n\t\t\t{axis:\"Offline Gaming\",value:0.12},\r\n\t\t\t{axis:\"Photo Video\",value:0.4},\r\n\t\t\t{axis:\"Reading\",value:0.03},\r\n\t\t\t{axis:\"Listen Music\",value:0.22},\r\n\t\t\t{axis:\"Watch TV\",value:0.03},\r\n\t\t\t{axis:\"TV Movies Streaming\",value:0.03},\r\n\t\t\t{axis:\"Listen Radio\",value:0.07},\r\n\t\t\t{axis:\"Sending Money\",value:0.18},\r\n\t\t\t{axis:\"Other\",value:0.07},\r\n\t\t\t{axis:\"Use less Once week\",value:0.08}\r\n\t\t  ],[\r\n\t\t\t{axis:\"Email\",value:0.48},\r\n\t\t\t{axis:\"Social Networks\",value:0.41},\r\n\t\t\t{axis:\"Internet Banking\",value:0.27},\r\n\t\t\t{axis:\"News Sportsites\",value:0.28},\r\n\t\t\t{axis:\"Search Engine\",value:0.46},\r\n\t\t\t{axis:\"View Shopping sites\",value:0.29},\r\n\t\t\t{axis:\"Paying Online\",value:0.11},\r\n\t\t\t{axis:\"Buy Online\",value:0.14},\r\n\t\t\t{axis:\"Stream Music\",value:0.05},\r\n\t\t\t{axis:\"Online Gaming\",value:0.19},\r\n\t\t\t{axis:\"Navigation\",value:0.14},\r\n\t\t\t{axis:\"App connected to TV program\",value:0.06},\r\n\t\t\t{axis:\"Offline Gaming\",value:0.24},\r\n\t\t\t{axis:\"Photo Video\",value:0.17},\r\n\t\t\t{axis:\"Reading\",value:0.15},\r\n\t\t\t{axis:\"Listen Music\",value:0.12},\r\n\t\t\t{axis:\"Watch TV\",value:0.1},\r\n\t\t\t{axis:\"TV Movies Streaming\",value:0.14},\r\n\t\t\t{axis:\"Listen Radio\",value:0.06},\r\n\t\t\t{axis:\"Sending Money\",value:0.16},\r\n\t\t\t{axis:\"Other\",value:0.07},\r\n\t\t\t{axis:\"Use less Once week\",value:0.17}\r\n\t\t  ]\r\n\t\t];\r\n*/\r\n","custom":true,"properties":[{"label":"ChartData","name":"chartData","type":"text","defaultValue":"chartData","bond":"expression"},{"label":"chartLegendOptions","name":"chartLegendOptions","type":"text","defaultValue":"chartLegendOptions","bond":"expression"},{"label":"chartOptions","name":"chartOptions","type":"text","defaultValue":"chartOptions","bond":"expression"}],"assets":[{"id":"d2c440a5-18ff-4d26-bd2b-0432e3310494","name":"RadarChart.js","type":"js","order":12,"external":false},{"id":"18294802-a43a-4f5e-a6a1-c360b453d542","name":"d3.v3.min.js","type":"js","order":2,"external":false}]}